{
    "last_ai_call": 1775677675.0681677,
    "last_goto_pull": 1775774845.527487
}