{
    "last_ai_call": 1776185652.0766976,
    "last_goto_pull": 1776185605.4538283
}